Project Name: WolfTrack3.0,,,
https://github.com/nehajaideep/WolfTrack3.0,,,
Group No 69,Total,70,
Questions,Evidence,Rating,
Video,wolftrackv3.mp4,2,
Workload is spread over the whole team (one team member is often Xtimes more productive than the others...,,,
"but nevertheless, here is a track record that everyone is contributing a lot)",Additions and deletion count of lines vary. Commits done are same. Can be seen in the contributor graph,2,
Number of commits,https://github.com/nehajaideep/WolfTrack3.0/graphs/contributors,3,
Number of commits: by different people,https://github.com/nehajaideep/WolfTrack3.0/graphs/contributors,3,
Issues reports: there are many,https://github.com/nehajaideep/WolfTrack3.0/issues?q=is%3Aissue+is%3Aclosed,3,
Issues are being closed,https://github.com/nehajaideep/WolfTrack3.0/issues?q=is%3Aissue+is%3Aclosed,3,
DOI badge: exists,yes in GIT,3,
"Docs: doco generated, format not ugly",yes in GIT,3,
Docs: what: point descriptions of each class/function (in isolation),File overview present. Overview not for each function or class. https://github.com/nehajaideep/WolfTrack3.0/blob/Group10StableBranch/docs/WolfTrack3.0_Documentation.pdf,2,
"Docs: how: for common use cases X,Y,Z mini-tutorials showing worked examples on how to do X,Y,Z",One single video only for entire application,2,
"Docs: why: docs tell a story, motivate the whole thing, deliver a punchline that makes you want to rush out and use the thing",yes in GIT Readme https://github.com/nehajaideep/WolfTrack3.0/blob/Group10StableBranch/README.md,3,
"Docs: short video, animated, hosted on your repo. That convinces people why they want to work on your code.",yes in GIT Readme https://github.com/nehajaideep/WolfTrack3.0/blob/Group10StableBranch/README.md,3,
Use of version control tools,GIT  https://github.com/nehajaideep/WolfTrack3.0/tree/Group10StableBranch/.github/workflows,3,
Use of style checkers,flake8 https://github.com/nehajaideep/WolfTrack3.0/tree/Group10StableBranch/.github/workflows,3,
Use of code formatters.,flake8 https://github.com/nehajaideep/WolfTrack3.0/tree/Group10StableBranch/.github/workflows,3,
Use of syntax checkers.,flake8 https://github.com/nehajaideep/WolfTrack3.0/tree/Group10StableBranch/.github/workflows,3,
Use of code coverage,codecov  https://github.com/nehajaideep/WolfTrack3.0/tree/Group10StableBranch/.github/workflows,2,
Other automated analysis tools,pytest flake8 https://github.com/nehajaideep/WolfTrack3.0/tree/Group10StableBranch/.github/workflows,3,
Test cases exist,yes https://github.com/nehajaideep/WolfTrack3.0/tree/Group10StableBranch/UnitTesting,3,
Test cases are routinely executed,no. Only at the time of deployment,2,
The files CONTRIBUTING.md lists coding standards and lots of tips on how to extend the system without screwing things up,https://github.com/nehajaideep/WolfTrack3.0/blob/Group10StableBranch/CONTRIBUTING.md,3,
Issues are discussed before they are closed,yes,3,
Chat channel: exists,none,0,
Test cases: a large proportion of the issues related to handling failing cases.,https://github.com/nehajaideep/WolfTrack3.0/issues?q=is%3Aissue+is%3Aclosed+label%3A%22failing+testcase%22,1,
Evidence that the whole team is using the same tools: everyone can get to all tools and files,yes in GIT,2,
"Evidence that the whole team is using the same tools (e.g. config files in the repo, updated by lots of different people)",Not uniform access of config files by all contributors,2,
"Evidence that the whole team is using the same tools (e.g. tutor can ask anyone to share screen, they demonstrate the system running on their computer)",,,
Evidence that the members of the team are working across multiple places in the code base,"yes in GIT. commits across config ,backend and frontend",3,
Short release cycles,very few relases,2,
,,,
,,,
Questions,Evidence,Rating (if any),Response 
,,,
Q1 - What your software does,,,
"Question 1.1: Does your website and documentation provide a clear, high-level overview of your software?*",https://github.com/nehajaideep/WolfTrack3.0/blob/Group10StableBranch/docs/WolfTrack3.0_Documentation.pdf,3,yes in GIT
Question 1.2: Does your website and documentation clearly describe the type of user who should use your software?*,https://github.com/nehajaideep/WolfTrack3.0/blob/Group10StableBranch/docs/WolfTrack_3.0_UseCase.docx,3,yes in GIT
Question 1.3: Do you publish case studies to show how your software has been used by yourself and others?*,,0,no case studies present
,,,
,,,
Q2 - Your project's and software's identity,,,
Question 2.1: Is the name of your project/software unique?*,,2,taliored for NCSU community
Question 2.2: Is your project/software name free from trademark violations?*,,3,MIT Liscense
,,,
,,,
Q3 - Availability of your software,,,
Question 3.1: Is your software available as a package that can be deployed without building it?*,,0,not available
Question 3.2: Is your software available for free?*,,3,yes
"Question 3.3: Is your source code publicly available to download, either as a downloadable bundle or via access to a source code repository?*",,3,yes
"Question 3.4: Is your software hosted in an established, third-party repository likeGitHub (https://github.com), BitBucket (https://bitbucket.org),LaunchPad (https://launchpad.net) orSourceForge (https://sourceforge.net)?*",https://harshb.pythonanywhere.com/login,1,Hosted but link not working
,,,
,,,
Q4 - Your software's documentation,,,
Question 4.1: Is your documentation clearly available on your website or within your software?*,https://github.com/nehajaideep/WolfTrack3.0/blob/Group10StableBranch/README.md,3,yes
"Question 4.2: Does your documentation include a ""quick start"" guide, that provides a short overview of how to use your software with some basic examples of use?*", https://github.com/nehajaideep/WolfTrack3.0/blob/Group10StableBranch/README.md,2,yes
"Question 4.3: If you provide more extensive documentation, does this provide clear, step-by-step instructions on how to deploy and use your software?*",https://github.com/nehajaideep/WolfTrack3.0/blob/Group10StableBranch/README.md,3,yes
"Question 4.4: Do you provide a comprehensive guide to all your software’s commands, functions and options?*",https://github.com/nehajaideep/WolfTrack3.0/tree/Group10StableBranch/docs,2,yes
Question 4.5: Do you provide troubleshooting information that describes the symptoms and step-by-step solutions for problems and error messages?*,,0,no
"Question 4.6: If your software can be used as a library, package or service by other software, do you provide comprehensive API documentation?*",,0,no software as a service. application is not a package or follow API architecture for itself or other consumers
Question 4.7: Do you store your documentation under revision control with your source code?*,https://github.com/nehajaideep/WolfTrack3.0/tree/Group10StableBranch/docs,2,yes
"Question 4.8: Do you publish your release history e.g. release data, version numbers, key features of each release etc. on your web site or in your documentation?*",https://github.com/nehajaideep/WolfTrack3.0/releases,3,yes Release notes present 
,,,
,,,
Q5 - How you support your software,,,
Question 5.1: Does your software describe how a user can get help with using your software?*,https://github.com/nehajaideep/WolfTrack3.0/blob/Group10StableBranch/README.md,2,
"Question 5.2: Does your website and documentation describe what support, if any, you provide to users and developers?*",,0,
Question 5.3: Does your project have an e-mail address or forum that is solely for supporting users?*,wolftrackse@gmail.com,3,group email
Question 5.4: Are e-mails to your support e-mail address received by more than one person?*,wolftrackse@gmail.com,3,group email
Question 5.5: Does your project have a ticketing system to manage bug reports and feature requests?*,https://github.com/nehajaideep/WolfTrack3.0/tree/Group10StableBranch/issue_templates,3,in contributing.md file
"Question 5.6: Is your project's ticketing system publicly visible to your users, so they can view bug reports and feature requests?*",https://github.com/nehajaideep/WolfTrack3.0/tree/Group10StableBranch/issue_templates,2,in contributing.md file
,,,
,,,
Q6 - Your software's maintainability,,,
Question 6.1: Is your software’s architecture and design modular?*,,2,yes
Question 6.2: Does your software use an accepted coding standard or convention?*,,2,yes
,,,
,,,
Q7 - Open standards and your software,,,
"Question 7.1: Does your software allow data to be imported and exported using open data formats?* e.g. GIF, SVG, HTML, XML, tar, zip, CSV, JSON, NetCDF, or domain specific ones",,2,Resume upload feature 
"Question 7.2: Does your software allow communications using open communications protocols?* e.g. HTTP, FTP, XMPP, SOAP over HTTP,  or domain-specific ones",,2,"SMTP, FTP"
,,,
,,,
Q8 - Your software's portability,,,
"Question 8.1: Is your software cross-platform compatible?* e.g. does it run under two or more of Windows, Unix/Linux and Mac OS X, or can be used from within two or more of Internet Explorer, Chrome, Firefox and Safari?",,3,"docker enabled, applicable for cross browser plaform like chrome,saffari,etc"
,,,
,,,
Q9 - Your software and accessibility,,,
Question 9.1: Does your software adhere to appropriate accessibility conventions or standards?*,,2,Yes
Question 9.2: Does your documentation adhere to appropriate accessibility conventions or standards?*,,2,Yes
,,,
,,,
Q10 - How you manage your source code,,,
Question 10.1: Is your source code stored in a repository under revision control?*,https://github.com/nehajaideep/WolfTrack3.0,,yes
Question 10.2: Is each source code release a snapshot of the repository?*,https://github.com/nehajaideep/WolfTrack3.0/releases,,yes
Question 10.3: Are releases tagged in the repository?*,https://github.com/nehajaideep/WolfTrack3.0/releases/tag/WolfTrackV_3.1.0,,yes
"Question 10.4: Is there a branch of the repository that is always stable? (i.e. tests always pass, code always builds successfully)*",,,yes
Question 10.5: Do you back-up your repository?*,https://github.com/nehajaideep/WolfTrack3.0/releases,,yes
,,,
,,,
Q11 - Building and installing your software,,,
Question 11.1: Do you provide publicly-available instructions for building your software from the source code?*,,,yes
"Question 11.2: Can you build, or package, your software using an automated tool?*e.g. Make (https://www.gnu.org/software/make/), ANT (http://ant.apache.org/), Maven (https://maven.apache.org/), CMake (https://cmake.org/), Python setuptools (https://pypi.python.org/pypi/setuptools), or R package tools (https://cran.r-project.org/doc/manuals/r-devel/R-exts.html)",,,no
Question 11.3: Do you provide publicly-available instructions for deploying your software?*,,,yes
Question 11.4: Does your documentation list all third-party dependencies?*,,,yes
Question 11.5: Does your documentation list the version number for all third-party dependencies?*,,,no
"Question 11.6: Does your software list the web address, and licences for all third-party dependencies and say whether the dependencies are mandatory or optional?*",,,yes
"Question 11.7: Can you download dependencies using a dependency management tool or package manager?*e.g. Ivy (http://ant.apache.org/ivy/), Maven (https://maven.apache.org/), Python pip (https://pypi.python.org/pypi/pip) or setuptools (https://pypi.python.org/pypi/setuptools), PHP Composer (https://getcomposer.org/), Ruby gems (https://rubygems.org), or R PackRat (https://rstudio.github.io/packrat/)",,,yes
Question 11.8: Do you have tests that can be run after your software has been built or deployed to show whether the build or deployment has been successful?*,,,no
,,,
,,,
Q12 - How you test your software,,,
Question 12.1: Do you have an automated test suite for your software?*,,,yes
Question 12.2: Do you have a framework to periodically (e.g. nightly) run your tests on the latest version of the source code?*,https://github.com/nehajaideep/WolfTrack3.0/blob/Group10StableBranch/.travis.yml,,yes
"Question 12.3: Do you use continuous integration, automatically running tests whenever changes are made to your source code?*",,,yes
Question 12.4: Are your test results publicly visible?*,,,yes
Question 12.5: Are all manually-run tests documented?*,,,yes
,,,
,,,
Q13 - How you engage with your community,,,
"Question 13.1: Does your project have resources (e.g. blog, Twitter, RSS feed, Facebook page, wiki, mailing list) that are regularly updated with information about your software?* e.g. release announcements, publications, workshops, conference presentations",,,Yes new job opening scraped from indeed
Question 13.2: Does your website state how many projects and users are associated with your project?*,,,yes admin portal 
Question 13.3: Do you provide success stories on your website?*,,,no
Question 13.4: Do you list your important partners and collaborators on your website?*,,,no
Question 13.5: Do you list your project's publications on your website or link to a resource where these are available?*,,,yes
Question 13.6: Do you list third-party publications that refer to your software on your website or link to a resource where these are available?*,,,yes  job opening third party links
Question 13.7: Can users subscribe to notifications to changes to your source code repository?*,,,no
"Question 13.8: If your software is developed as an open source project (and, not just a project developing open source software), do you have a governance model?*",,,no
,,,
,,,
Q14 - How you manage contributions,,,
"Question 14.1: Do you accept contributions (e.g. bug fixes, enhancements, documentation updates, tutorials) from people who are not part of your project?*",,,yes
Question 14.2: Do you have a contributions policy?*,,,yes
Question 14.3: Is your contributions' policy publicly available?*,,,yes
Question 14.4: Do contributors keep the copyright/IP of their contributions?*,,,yes
,,,
,,,
Q15 - Your software's copyright and licensing,,,
Question 15.1: Does your website and documentation clearly state the copyright owners of your software and documentation?*,,,yes
Question 15.2: Does each of your source code files include a copyright statement?*,,,no
Question 15.3: Does your website and documentation clearly state the licence of your software?*,https://github.com/nehajaideep/WolfTrack3.0/blob/Group10StableBranch/LICENSE,,yes
Question 15.4: Is your software released under an open source licence?*,https://github.com/nehajaideep/WolfTrack3.0/blob/Group10StableBranch/LICENSE,,yes
Question 15.5: Is your software released under an OSI-approved open-source licence?*,https://github.com/nehajaideep/WolfTrack3.0/blob/Group10StableBranch/LICENSE,,yes
Question 15.6: Does each of your source code files include a licence header?*,,,no
Question 15.7: Do you have a recommended citation for your software?*,https://github.com/nehajaideep/WolfTrack3.0/blob/Group10StableBranch/CITATION.md,,yes
,,,
,,,
Q16 - Your plans for the future,,,
"Question 16.1: Does your website or documentation include a project roadmap (a list of project and development milestones for the next 3, 6 and 12 months)?*",,,yes
"Question 16.2: Does your website or documentation describe how your project is funded, and the period over which funding is guaranteed?*",,,no
"Question 16.3: Do you make timely announcements of the deprecation of components, APIs, etc.?*",,,no